"last_name, first_name","player_id","year","pa","slg_percent","on_base_percent","b_game","woba","xwoba","exit_velocity_avg","launch_angle_avg","sweet_spot_percent","barrel","hard_hit_percent","avg_best_speed","avg_hyper_speed","swing_percent"
"Mountcastle, Ryan",663624,2026,15,".357",".333","8",".314",".301","90","8.8",33.3,0,41.7,"103.053788333","95.526894167",63
"Acuña Jr., Ronald",660670,2026,113,".340",".345","25",".318",".396","88.3","17.1",34.7,10,44,"101.635693158","95.159462933",46.3
"Young, Cole",702284,2026,102,".344",".324","26",".308",".320","86.9","19.9",34.3,4,35.8,"98.13743","93.144367463",45.2
"Young, Jared",676724,2026,23,".450",".391","11",".371",".365","88.7","-2.6",22.2,3,50,"104.007562222","96.474591765",49.4
"Walls, Taylor",670764,2026,55,".229",".269","14",".237",".225","82.1","17.5",27,0,16.2,"93.715475625","90.88010875",43.1
"Soderstrom, Tyler",691016,2026,109,".396",".303","25",".309",".319","89.8","12.6",29.3,8,46.7,"102.026712632","95.275996133",47.7
"Bart, Joey",663698,2026,36,".281",".222","13",".230",".214","85.4","17.4",36.8,2,31.6,"96.351448","92.515601053",47.9
"Reynolds, Bryan",668804,2026,106,".414",".387","24",".359",".357","91.7","7.9",36.1,6,44.3,"102.15288","95.421814754",43.3
"Rocchio, Brayan",677587,2026,91,".423",".367","25",".359",".346","86.4","12.2",30.4,2,29,"97.476717879","92.754640606",47.4
"Conine, Griffin",665052,2026,25,".591",".360","11",".414",".513","90.1","6.4",56.3,4,62.5,"106.653525","98.354698125",48.9
"Ortiz, Joey",687401,2026,61,".185",".254","19",".214",".238","86.6","1.5",14.3,2,33.3,"97.141189","92.68574325",43.8
"Hoskins, Rhys",656555,2026,69,".351",".348","19",".326",".303","89","23.3",37.8,4,40.5,"99.377901579","93.99534",40.6
"Myers, Dane",667472,2026,38,".355",".395","22",".354",".524","88.8","22.5",52,4,36,"99.209071667","93.886515833",32.3
"Meidroth, Chase",805367,2026,98,".345",".337","22",".315",".319","88.9","7.2",29.9,3,40.3,"98.539810313","93.682777656",36
"Jeffers, Ryan",680777,2026,70,".439",".391","18",".372",".368","91.6","21.9",33.3,6,40,"102.354615217","95.523920889",37.3
"McLain, Matt",680574,2026,107,".256",".327","25",".284",".314","87","23.9",31.3,5,28.1,"96.759687813","92.559273175",42.8
"Contreras, Willson",575929,2026,97,".438",".392","23",".379",".392","91.7","17",31.5,8,44.4,"104.267918846","96.395788846",43.9
"Meyers, Jake",676694,2026,43,".378",".326","12",".318",".340","86.9","11.7",36.7,4,33.3,"97.108884","92.554442",53.3
"Fernandez, Jose",699912,2026,69,".433",".333","19",".342",".298","89.6","12.5",29.4,3,47.1,"102.356002","95.7162822",45.3
"Duran, Jarren",680776,2026,79,".306",".266","19",".263",".292","88.6","9.4",26,7,40,"102.315889167","95.214323542",49.1
"Arraez, Luis",650333,2026,98,".356",".330","23",".308",".297","85.5","13.9",31.5,0,18,"93.37748","90.743018391",48.4
"Castellanos, Nick",592206,2026,51,".208",".196","16",".178",".275","88.1","15.2",44.1,2,38.2,"98.806940588","93.751026471",58.9
"Escarra, J.C.",641555,2026,20,".316",".200","7",".227",".264","91.2","14.4",30.8,2,30.8,"100.338235714","94.643665385",44.6
"Murakami, Munetaka",808959,2026,104,".622",".404","24",".436",".444","96.4","16.3",35.3,13,66.7,"106.794658","99.5126272",38.8
"Nimmo, Brandon",607043,2026,110,".495",".364","24",".378",".363","90.5","11",36.8,9,47.4,"101.002733947","95.163405132",49.9
"Barger, Addison",680718,2026,23,".105",".174","8",".149",".231","90.7","17.8",21.4,0,50,"101.240872857","95.018167857",47.9
"Wetherholt, JJ",802139,2026,110,".345",".364","24",".333",".328","88.2","13.8",36.4,4,39.4,"98.450195152","93.418341692",42.6
"Freeman, Freddie",518692,2026,97,".506",".371","22",".388",".444","92.7","15.1",40.3,13,51.9,"102.178230769","95.778085455",51.8
"Stewart, Sal",701398,2026,108,".615",".389","25",".428",".432","91.1","12.9",40.5,17,49.3,"103.108654167","95.994633194",48.6
"Higgins, P.J.",664731,2026,12,".200",".250","5",".210",".302","79.5","21",57.1,0,0,"87.95324","89.247184286",34
"Raley, Luke",670042,2026,79,".583",".354","24",".408",".429","93.8","15.4",51.2,9,53.5,"104.575304286","96.879352619",54.4
"Nuñez, Nasim",683083,2026,84,".194",".280","22",".235",".266","84","7.5",31.6,0,19.3,"94.343587692","91.242507885",49.2
"Suzuki, Seiya",673548,2026,52,".442",".404","12",".386",".370","90.1","13.5",46.7,2,43.3,"101.359375333","94.877371667",40.3
"Freeman, Tyler",671289,2026,45,".282",".364","13",".310",".335","86.6","10.3",23.5,0,32.4,"96.404866471","92.37525",51.4
"Springer, George",543807,2026,62,".370",".290","14",".301",".289","88.9","22.6",25,4,42.5,"99.516342","93.81343225",51
"Fraley, Jake",641584,2026,53,".375",".302","17",".306",".296","86","25.1",45.7,3,25.7,"96.346911667","92.302261714",43.9
"Rafaela, Ceddanne",678882,2026,79,".357",".354","23",".330",".298","87.9","9.3",36.5,4,38.5,"98.241954","93.2472164",46.6
"Moncada, Yoán",660162,2026,85,".338",".341","22",".321",".298","90.7","13.7",27.5,3,42.5,"99.9465385","94.335789487",35.7
"Davis, Henry",680779,2026,57,".229",".286","19",".252",".251","88.2","15.4",21.1,2,31.6,"99.560376316","93.977385405",49.5
"Carroll, Corbin",682998,2026,92,".610",".413","22",".440",".393","90.6","10.9",38.9,7,40.7,"100.610899259","94.320189074",44.2
"Manzardo, Kyle",700932,2026,81,".250",".284","22",".256",".300","90","15.4",35.7,4,31,"98.061630476","93.297793415",47.6
"Marte, Starling",516782,2026,24,".304",".250","8",".252",".244","90.3","-3.9",18.8,2,37.5,"102.54805875","96.022236667",53.4
"Burleson, Alec",676475,2026,103,".444",".359","23",".356",".393","92.3","10.2",29.5,9,50,"101.933184872","95.7029",50.5
"Norby, Connor",681393,2026,85,".397",".341","22",".336",".298","88.2","16.8",32,4,38,"97.452368","93.0568914",46.7
"Ward, Taylor",621493,2026,119,".444",".395","25",".379",".372","90.2","17.1",40.7,5,39.5,"99.693112683","94.093978765",32.2
"Yoshida, Masataka",807799,2026,48,".368",".438","15",".380",".331","90.4","3.8",28.1,0,43.8,"99.51423875","94.252935313",34.1
"Buxton, Byron",621439,2026,100,".451",".290","22",".326",".306","87.9","25.4",32.8,10,45.3,"100.385111563","94.411159375",51
"Baty, Brett",683146,2026,72,".284",".236","21",".232",".252","90.5","6.4",29.8,4,36.2,"99.86083913","94.325057391",49.7
"Keaschall, Luke",807712,2026,101,".277",".257","24",".245",".276","85.1","18",30.9,3,25.9,"96.5253635","92.2646915",42.3
"Pham, Tommy",502054,2026,11,".000",".000","6",".000",".109","93.6","3.4",20,0,40,"100.563033333","95.53782",46.8
"Kemp, Otto",805249,2026,22,".100",".182","10",".148",".230","81.3","22.6",45.5,0,9.1,"89.879638333","89.846273636",47.5
"Langford, Wyatt",694671,2026,84,".362",".274","20",".284",".282","90.8","13.2",26.2,3,37.7,"99.820527742","94.388533115",47.1
"Hamilton, David",666152,2026,68,".226",".369","18",".299",".306","83.9","9.6",11.4,1,25,"95.496071579","91.941127838",45.1
"Robert Jr., Luis",673357,2026,90,".333",".333","22",".311",".331","90.4","11.6",21.3,2,44.3,"102.139760968","95.718928852",46.8
"Straw, Myles",664702,2026,35,".452",".382","18",".375",".388","87.4","11.9",34.5,1,27.6,"96.194640714","92.27376963",39.5
"Heim, Jonah",641680,2026,34,".333",".324","9",".304",".272","85.8","18.3",28,1,32,"96.52254","92.476282",43.3
"Neto, Zach",687263,2026,121,".446",".364","26",".363",".336","90.1","23.8",37.3,8,38.8,"99.391394242","94.009270909",46.9
"Yastrzemski, Mike",573262,2026,84,".280",".298","23",".271",".267","91.4","10.3",28.3,2,47.2,"99.855969615","94.8059075",44.3
"Williams, Carson",700246,2026,25,".174",".167","7",".159",".190","83.5","18",20,0,20,"97.07588","92.850607857",51.1
"Kiner-Falefa, Isiah",643396,2026,30,".179",".233","12",".198",".232","81.5","18.4",31.8,0,18.2,"92.347179","90.546484",49
"Harris II, Michael",671739,2026,86,".543",".337","23",".386",".444","94.8","6.9",30.3,12,57.6,"105.43418303","97.863358923",54.2
"Bichette, Bo",666182,2026,106,".290",".255","24",".247",".307","90.2","7.3",35.1,2,41.6,"100.331738974","94.734523506",55.9
"Caminero, Junior",691406,2026,110,".479",".345","24",".365",".357","91.4","15.6",25.3,8,44.3,"103.8845525","96.241970127",43.7
"Heineman, Tyler",623168,2026,37,".219",".265","14",".229",".245","83.4","7.1",22.2,0,18.5,"93.41227","91.236292609",59.4
"McKinstry, Zach",656716,2026,46,".326",".261","14",".266",".249","85.8","13",33.3,1,24.2,"94.389285882","91.291450303",50.8
"Larnach, Trevor",663616,2026,54,".415",".444","18",".393",".403","88.1","15.3",46.9,3,37.5,"98.01262125","93.006310625",34.6
"Gilbert, Drew",687551,2026,24,".381",".304","7",".311",".269","86.8","17.8",25,2,31.3,"97.79742","92.961399286",33.3
"Valenzuela, Brandon",678218,2026,32,".258",".188","12",".201",".216","86.5","7.6",26.3,1,36.8,"98.041412","93.577117368",58.1
"Yelich, Christian",592885,2026,56,".451",".375","15",".358",".282","89.4","-2.4",13.5,2,40.5,"100.892430556","94.788898889",49.2
"Judge, Aaron",592450,2026,104,".586",".359","24",".410",".435","92.2","12.9",32.8,15,53.4,"105.297824138","97.461621552",42.5
"Henderson, Gunnar",683002,2026,119,".443",".269","25",".313",".302","90","17.7",32.4,7,49.3,"100.360966111","94.846333239",47.3
"Loftin, Nick",679845,2026,16,".462",".438","6",".407",".380","89.7","14.7",25,1,41.7,"99.151863333","94.176655833",37
"Narváez, Carlos",665966,2026,53,".280",".269","15",".251",".250","93.5","12",32.4,2,48.6,"99.813499444","95.160187429",53.9
"Amaya, Miguel",665804,2026,48,".317",".333","16",".307",".274","83.6","23.3",17.2,1,17.2,"92.991086667","90.993943793",39.9
"Schanuel, Nolan",694384,2026,104,".380",".308","23",".309",".299","87.6","8.2",30.8,2,32.1,"97.04035641","92.529964359",40.5
"Tawa, Tim",694374,2026,43,".194",".238","14",".211",".282","87.2","8.3",25.8,1,29,"96.966489333","92.729857241",47.8
"Wells, Austin",669224,2026,71,".246",".324","20",".267",".347","91.8","14",28.9,3,46.7,"101.16879","95.439354186",46.3
"Riley, Austin",663586,2026,107,".358",".308","25",".305",".327","90.5","19.9",27.4,7,45.2,"101.39955973","95.104971233",46.6
"Anthony, Roman",701350,2026,97,".325",".361","22",".320",".358","92.7","9.3",41.8,6,47.3,"102.97704037","96.308257593",36.4
"Albies, Ozzie",645277,2026,106,".433",".330","25",".340",".279","85.4","16.5",33.3,2,27.4,"96.111897857","92.057784167",53.6
"Busch, Michael",683737,2026,97,".247",".278","23",".250",".266","83.4","12.3",24.2,3,28.8,"95.635761818","91.817880909",45.2
"Garcia, Maikel",672580,2026,110,".388",".336","25",".328",".338","90.1","10.7",34.2,7,44.3,"100.908217436","94.820157692",37
"Ramos, Heliot",671218,2026,89,".393",".315","23",".314",".324","92.1","9",38.6,9,50.9,"104.1453575","96.811731818",51.9
"Altuve, Jose",514888,2026,113,".408",".354","25",".343",".334","85.7","7.6",33.8,6,37.7,"97.790069487","93.013396364",44.7
"Triolo, Jared",669707,2026,26,".261",".308","6",".272",".266","85.7","8.3",27.8,0,27.8,"95.759626667","92.129474706",40.8
"Grichuk, Randal",545341,2026,28,".308",".214","14",".228",".340","91.2","18.3",52.6,4,63.2,"102.294769","96.722107368",47.5
"Goldschmidt, Paul",502671,2026,29,".333",".276","9",".285",".383","89.1","5",31.3,3,50,"102.304105","95.791535625",44.4
"Sanoja, Javier",691594,2026,58,".407",".397","18",".366",".273","89","8.7",29.2,1,35.4,"98.74420375","93.49251375",47.8
"Jiménez, Eloy",650391,2026,26,".409",".462","8",".396",".317","90","7.8",36.8,1,47.4,"99.126958","94.274666842",51.6
"Gorman, Nolan",669357,2026,88,".338",".284","23",".277",".254","87.2","21.2",34,2,37.7,"98.298697778","93.246506415",47.9
"Thomas, Lane",657041,2026,54,".222",".333","20",".277",".308","85.3","30.3",41.7,0,36.1,"96.254061111","92.153395556",43.6
"Vargas, Ildemaro",545121,2026,69,".697",".382","17",".467",".410","86.9","7.4",40.4,5,38.6,"98.895698929","93.600458",50.2
"Rumfield, TJ",681198,2026,95,".402",".305","25",".315",".337","87.2","14.1",40.3,6,38.9,"98.550499722","93.278944306",51.7
"Bregman, Alex",608324,2026,112,".374",".339","24",".324",".323","90.6","13.9",27.4,6,45.2,"99.677337857","94.395229398",37.7
"Fermín, José",665877,2026,29,".375",".286","11",".294",".247","88.3","23.4",16.7,0,44.4,"98.150495556","93.828508889",34.1
"Giménez, Andrés",665926,2026,92,".442",".297","24",".324",".276","86.8","9.6",28.4,3,29.7,"96.830499459","92.485665753",57.5
"Muncy, Max",571970,2026,93,".598",".376","23",".421",".398","91.7","13.7",30.9,9,52.7,"102.233575357","95.731306364",45.7
"Lukes, Nathan",664770,2026,55,".294",".273","19",".258",".279","86.7","15.6",26.7,0,35.6,"97.926452609","93.142352222",55.2
"De La Cruz, Elly",682829,2026,112,".549",".330","25",".384",".380","95.2","13.9",33.3,11,55.1,"105.695172121","98.160907424",40.4
"Mangum, Jake",663968,2026,57,".333",".357","19",".313",".309","84.7","5.3",23.3,0,32.6,"96.510148421","92.277606053",61.2
"Alvarez, Francisco",682626,2026,76,".476",".365","22",".377",".399","88.5","8",28,9,40,"100.9540288","94.5611008",45.2
"Harris, Dustin",687957,2026,24,".222",".375","9",".308",".382","84.7","13.1",47.1,0,17.6,"93.103098889","90.808620588",34.9
"Merrill, Jackson",701538,2026,101,".380",".280","24",".293",".325","88.6","12.6",31.4,9,47.1,"100.699196286","94.676137971",57.7
"Burger, Jake",669394,2026,101,".448",".277","24",".318",".299","89.6","7",31.8,7,50,"103.208021515","95.805762273",51.2
"Rengifo, Luis",650859,2026,72,".281",".264","19",".246",".279","87","6.2",30.9,4,36.4,"98.052113214","93.182044",48
"Conforto, Michael",624424,2026,31,".435",".452","14",".402",".389","92.8","14.2",64.3,1,42.9,"101.961615714","95.535647857",40.8
"Marchán, Rafael",665561,2026,36,".171",".111","10",".129",".145","88.2","34.5",26.9,1,26.9,"95.957831538","92.203455",46.6
"Suárez, Eugenio",553993,2026,100,".363",".300","25",".301",".276","84.8","18.6",37.7,5,20,"96.595455172","92.448644561",44.9
"Díaz, Yandy",650490,2026,108,".489",".426","24",".407",".357","89.4","5.6",25,4,42.5,"101.86257525","95.10730025",45.8
"Trout, Mike",545361,2026,115,".557",".417","25",".421",".483","91.3","21.3",36.9,16,46.2,"104.093774375","96.5076575",37.5
"Tucker, Kyle",663656,2026,103,".356",".320","23",".310",".298","87.8","13.7",31.3,5,37.3,"97.937177353","93.16788791",52
"Marte, Noelvi",682622,2026,31,".138",".194","11",".163",".161","84.9","-0.8",5.3,0,31.6,"97.428798","92.962525263",55.2
"Call, Alex",669743,2026,31,".375",".452","9",".391",".396","85.7","11.9",33.3,0,23.8,"94.285083636","91.363362381",37
"Lowe, Brandon",664040,2026,93,".575",".366","20",".410",".363","85.6","15.6",33.9,7,39,"99.304913333","93.764189492",47.9
"Torkelson, Spencer",679529,2026,90,".270",".333","24",".294",".341","90","16.2",43.8,5,45.8,"100.366159583","94.789462917",37
"O'Hearn, Ryan",656811,2026,92,".519",".413","22",".408",".402","90.1","10.9",32.8,6,46.9,"100.472115625","94.992870938",42.3
"Kayfus, CJ",692216,2026,25,".364",".280","9",".294",".306","92.8","24.1",14.3,3,50,"101.151187143","94.712108571",53.7
"Church, Nathan",701675,2026,61,".364",".295","21",".297",".267","85","12.1",35.9,2,35.9,"98.300673684","93.31163027",51.4
"Lewis, Royce",668904,2026,53,".386",".340","14",".334",".323","91.4","12",37,3,48.1,"101.056411429","95.539734074",39.8
"Martin, Austin",668885,2026,63,".444",".492","22",".431",".394","86.1","8.1",30.6,2,38.9,"98.078935","93.134063611",31.5
"Collins, Isaac",686555,2026,67,".250",".269","20",".247",".225","86.2","22.5",22.2,3,30.6,"98.771055","93.400910833",41.1
"Alvarez, Yordan",670541,2026,118,".779",".466","26",".515",".551","93.6","21.8",47.1,18,48.2,"104.867897442","96.842462235",42.2
"Keith, Colt",690993,2026,74,".423",".351","22",".347",".351","94.3","11.7",35.7,5,57.1,"102.216983571","96.529144107",42.8
"DeLuca, Jonny",676356,2026,53,".480",".321","18",".353",".334","88.5","10.4",31.7,3,34.1,"99.8732475","94.106244615",50.8
"Perez, Salvador",521692,2026,99,".301",".212","24",".225",".276","87.9","16.7",27.4,7,39.7,"100.062800541","94.206610822",56.9
"Hernández, Heriberto",681715,2026,66,".214",".303","19",".256",".305","89.8","7.2",23.3,2,41.9,"100.697084091","94.658885116",39.2
"Wilson, Jacob",805779,2026,105,".385",".286","24",".298",".268","85.1","7.6",28.6,2,34.1,"96.695505778","92.468962584",59.4
"Murray, Tanner",695020,2026,26,".333",".269","11",".276",".244","90","25.8",21.1,1,42.1,"100.138331111","94.355836111",46.9
"Butler, Lawrence",671732,2026,87,".295",".276","24",".261",".305","89.9","3.5",29.6,3,50,"103.829114444","96.450073774",45.7
"d'Arnaud, Travis",518595,2026,18,".200",".278","5",".244",".294","84.8","12.6",40,2,20,"94.32356","91.263065",53.4
"Lindor, Francisco",596019,2026,105,".355",".314","24",".306",".341","90.9","14.8",31.1,7,43.2,"100.295103784","94.53938",45.5
"Isbel, Kyle",664728,2026,71,".468",".328","21",".354",".296","87.4","13.2",28.6,3,32.7,"98.692899545","93.375583409",46.3
"Realmuto, J.T.",592663,2026,61,".352",".344","17",".323",".301","88.4","9.2",34.9,1,39.5,"98.223729091","93.625893721",45.9
"Okamoto, Kazuma",672960,2026,97,".333",".289","23",".286",".296","91","15.9",30.9,5,50.9,"102.649277857","95.795379818",44.7
"Contreras, William",661388,2026,93,".451",".387","21",".374",".348","91","13.8",25.7,5,44.3,"101.579199143","95.141930286",44
"Carter, Evan",694497,2026,87,".343",".329","24",".312",".335","90.5","20.1",39.6,5,43.4,"100.1147872","94.5650038",38.8
"Benson, Will",666181,2026,42,".265",".333","20",".281",".266","88","29.1",29.2,0,20.8,"96.060500909","92.030250455",48.2
"Rogers, Jake",668670,2026,27,".217",".185","8",".183",".269","88.8","30.4",38.9,3,33.3,"98.662708889","93.503115",42.9
"Martínez, Angel",682657,2026,76,".457",".320","23",".346",".326","88.4","17.8",33.3,5,40.4,"101.045335357","94.641261636",52.3
"García Jr., Luis",671277,2026,83,".367",".289","24",".294",".311","90.8","11.3",26.9,4,40.3,"100.322826364","94.531874769",53.2
"McCarthy, Jake",664983,2026,53,".333",".300","19",".290",".296","83.7","11.5",26.3,2,26.3,"96.966361176","92.524454706",51.1
"Benintendi, Andrew",643217,2026,74,".348",".257","22",".271",".307","88.8","20.7",44.2,5,55.8,"99.090146667","94.42594",54.1
"Benge, Carson",701807,2026,73,".197",".219","21",".201",".264","90.1","6.6",33.3,2,39.6,"101.34463","94.928937917",47.8
"Quero, Edgar",700337,2026,67,".179",".273","19",".227",".263","90.3","6.9",23.3,0,30.2,"97.383803333","93.143949512",46.1
"Mead, Curtis",678554,2026,54,".449",".278","18",".321",".359","88.5","6.9",24.4,4,43.9,"100.915330476","94.63221122",43.8
"McCann, James",543510,2026,39,".297",".237","12",".240",".216","92.4","10.1",24,2,40,"99.67347","94.751382083",50.3
"Taveras, Leody",665750,2026,62,".500",".426","21",".415",".395","86.8","17.2",47.5,3,40,"99.0445635","93.788500256",47.1
"Antonacci, Sam",803011,2026,27,".435",".333","7",".346",".383","86.8","17.5",31.8,2,31.8,"96.06082","92.230533333",42.9
"Hays, Austin",669720,2026,33,".344",".242","9",".247",".264","85.1","-2.8",25,1,55,"101.624084","95.3766265",52
"Greene, Riley",682985,2026,102,".402",".382","25",".359",".391","89.7","12.5",39.7,8,49.2,"102.716503438","95.944720476",43.5
"Hicks, Liam",689414,2026,87,".513",".368","24",".386",".361","87.3","12.3",34.7,4,38.7,"98.338952105","93.3169056",43.6
"Lee, Brooks",686797,2026,78,".347",".269","22",".280",".245","89.1","15.1",30.4,2,35.7,"97.638172963","92.912969815",50.8
"Stowers, Kyle",669065,2026,13,".400",".462","3",".405",".423","95.6","21.5",50,0,75,"99.8889675","96.10503875",58.8
"Baldwin, Drake",686948,2026,115,".563",".391","25",".420",".404","90.3","13",42.2,14,45.8,"101.858555476","95.527137831",49.7
"Steer, Spencer",668715,2026,86,".442",".291","23",".323",".343","89.4","19.1",39.6,10,37.7,"100.142688846","94.494026078",46.4
"Mayer, Marcelo",691785,2026,65,".321",".281","20",".276",".277","87.6","11.5",27.3,4,38.6,"97.788188182","93.118168372",44.5
"Massey, Michael",686681,2026,35,".455",".257","14",".305",".288","91.8","17",36,2,56,"99.569580769","94.8360748",49.3
"Marsh, Brandon",669016,2026,80,".408",".300","21",".313",".321","91","10.7",46.7,3,48.3,"100.252263","94.616435333",51.4
"Schwarber, Kyle",656941,2026,106,".529",".349","24",".387",".383","92.8","23.6",35.3,11,54.9,"102.148090385","96.015045098",40.4
"Wilson, Weston",642215,2026,13,".400",".462","5",".405",".446","93.9","27.1",80,1,40,"102.671243333","96.802746",50
"Donovan, Brendan",680977,2026,71,".518",".437","18",".426",".339","83.8","13",37.8,2,26.7,"95.267793043","91.714649778",39.1
"Vientos, Mark",668901,2026,64,".373",".281","19",".292",".292","89.5","12.8",32.6,2,43.5,"99.735466087","94.273086739",50.8
"Doyle, Brenton",686668,2026,74,".279",".270","24",".255",".248","89.3","12.4",26.2,2,33.3,"98.942662","93.52894225",51.9
"Trammell, Taylor",666211,2026,33,".448",".424","10",".394",".292","91.7","3.1",30,1,45,"102.19823","95.593148421",44.5
"Bell, Josh",605137,2026,96,".422",".344","24",".344",".346","88.6","16",40.9,6,43.9,"99.268172727","93.900834394",46.2
"Feduccia, Hunter",676439,2026,32,".222",".344","13",".281",".270","86.9","11.8",40,0,13.3,"92.7406225","90.528332",44.9
"Kurtz, Nick",701762,2026,110,".422",".427","24",".387",".426","98.8","16.8",43.8,11,66.7,"107.608167917","100.273018125",37.9
"Santana, Carlos",467793,2026,26,".125",".154","8",".139",".188","87.8","29.5",25,0,43.8,"98.43934875","93.358594375",50.9
"Perdomo, Geraldo",672695,2026,95,".416",".366","23",".350",".325","86.8","9.8",31,2,25.4,"96.714355152","92.457452273",40.2
"Vázquez, Christian",543877,2026,41,".629",".425","11",".458",".290","87","16",28.6,1,28.6,"96.515006429","92.476091481",39.2
"Moreno, Gabriel",672515,2026,45,".400",".333","13",".328",".337","87.4","23.1",36.4,3,42.4,"99.265917059","93.803654242",46.7
"Rodríguez, Johnathan",671286,2026,11,".000",".273","5",".194",".333","89.1","13.8",50,0,50,"100.403695","94.365165",47.3
"McGonigle, Kevin",805808,2026,104,".500",".413","24",".407",".426","88.4","19.5",45.5,10,40.3,"99.852647949","94.217492987",41.6
"Sosa, Lenyn",672820,2026,53,".333",".231","19",".246",".281","90.2","24.8",40.9,2,38.6,"99.317817727","93.881864884",57.9
"Vilade, Ryan",668723,2026,31,".357",".355","14",".327",".304","89.8","24.5",45.5,0,31.8,"98.189410909","93.193915",49.3
"Ramírez, José",608070,2026,113,".479",".363","26",".370",".416","90.7","24.9",38.5,10,46.2,"100.961672821","95.003700128",45
"Hill, Derek",656537,2026,33,".357",".364","18",".336",".344","86","12.9",38.9,1,27.8,"95.5766275","92.040868",46.3
"Pasquantino, Vinnie",686469,2026,109,".298",".248","25",".250",".287","89.2","19.2",31.1,6,36.5,"98.956727297","93.730593562",47.4
"Schneider, Davis",676914,2026,42,".324",".333","18",".311",".314","92.6","23.6",33.3,4,42.9,"100.908564545","95.728067619",33.2
"Castro, Willi",650489,2026,74,".353",".311","20",".303",".283","88","17.4",31,3,40.5,"99.79435619","94.036643095",53.1
"Del Castillo, Adrian",680728,2026,39,".395",".282","10",".301",".311","86.7","10.4",37.9,2,31,"97.710820714","92.904767143",48.8
"Trevino, Jose",624431,2026,12,".091",".167","3",".135",".230","76.9","7.5",37.5,0,25,"89.30118","90.792392857",45.2
"Jung, Josh",673962,2026,84,".526",".357","21",".386",".349","90.9","10.8",40.3,1,54.8,"100.808786129","95.09414129",46.4
"Tatis Jr., Fernando",665487,2026,103,".299",".333","24",".294",".364","93.6","4.7",40.9,9,66.7,"105.297484545","98.500695385",46.9
"Adames, Willy",642715,2026,103,".433",".282","24",".316",".298","89.2","23.6",38.8,8,40.3,"99.262485588","93.83690791",44.6
"White, Eli",642201,2026,26,".375",".231","12",".262",".246","84.7","5.1",38.1,1,23.8,"93.855326","90.9515455",52.1
"Canzone, Dominic",686527,2026,60,".537",".317","21",".369",".405","94.9","26",48.8,8,48.8,"103.156660909","96.946346977",47.9
"Lockridge, Brandon",663604,2026,66,".322",".338","19",".306",".260","84.5","-1.4",16.3,1,32.6,"98.026338","93.11055375",45.5
"Brito, Juan",682877,2026,48,".227",".229","13",".216",".245","82.5","14.9",27.6,1,27.6,"95.688624","92.214105517",49.3
"Peraza, Oswald",672724,2026,76,".529",".360","23",".392",".330","88.4","12.2",42.3,5,38.5,"100.3328716","94.406207551",56
"Alonso, Pete",624413,2026,110,".372",".327","25",".322",".321","94.2","13.1",30.8,5,53.8,"102.064725758","96.339014",42.2
"Polanco, Jorge",593871,2026,61,".286",".246","14",".245",".271","87.3","10.9",40,2,33.3,"98.184254783","93.223895778",46.9
"Jones, Greg",675659,2026,11,".200",".200","5",".181",".181","84.5","-18.5",12.5,0,37.5,"97.3030325","93.316018571",57.6
"Mateo, Jorge",622761,2026,24,".500",".375","11",".389",".326","95.2","12.2",42.9,2,50,"105.26281","97.154513571",50
"Rivas, Leo",660844,2026,72,".200",".278","20",".238",".235","86.1","18.2",36.8,0,10.5,"93.088593684","90.559737368",37.4
"Langeliers, Shea",669127,2026,108,".592",".370","24",".417",".384","92.2","19.7",40.6,9,47.8,"103.529599429","96.110088986",52.9
"Sánchez, Jesús",660821,2026,80,".394",".325","23",".317",".369","92.6","9.5",35.6,4,49.2,"102.091455333","95.655464237",55.4
"Betts, Mookie",605141,2026,32,".429",".281","8",".318",".333","89.9","22.9",37.5,2,33.3,"98.030786667","93.671050833",40.6
"Caissie, Owen",683357,2026,78,".380",".269","23",".287",".299","92.6","19.8",46.2,6,51.3,"103.867978421","96.647962895",43.7
"Encarnacion, Jerar",666464,2026,25,".280",".240","11",".233",".190","86.6","7.6",35,1,35,"98.640037","93.3200185",53.9
"Cowser, Colton",681297,2026,61,".226",".267","22",".235",".282","86.5","4.1",25,4,44.4,"101.078792778","94.950250286",44.6
"Ballesteros, Moisés",694208,2026,55,".592",".418","21",".440",".364","92.6","15",37.5,5,55,"102.456612","95.97422325",47.4
"Monasterio, Andruw",655316,2026,35,".258",".286","12",".258",".311","92.7","17.7",47.8,1,52.2,"99.171395833","94.550401739",45.5
"Hernaiz, Darell",687231,2026,25,".364",".320","13",".314",".265","88.8","13.1",29.4,0,35.3,"97.934202222","93.377082353",59.3
"DeLauter, Chase",800050,2026,94,".506",".330","23",".365",".368","89.8","17.9",33.8,8,40.8,"100.581092778","94.383754366",40.4
"Semien, Marcus",543760,2026,94,".310",".290","24",".276",".305","86.7","21.3",35.8,5,34.3,"97.455318788","92.811328",50.4
"Acuña, Luisangel",682668,2026,69,".206",".235","20",".208",".251","87.9","3.3",12.7,2,36.4,"98.509871481","93.353033148",49.6
"Ramírez, Agustín",682663,2026,99,".364",".303","24",".298",".274","88.1","11.1",28.8,4,33.3,"99.819","93.926394697",50.7
"Pederson, Joc",592626,2026,65,".308",".369","22",".323",".301","93.3","17.4",27.8,0,55.6,"101.287406667","95.780994444",41.9
"Wynns, Austin",642851,2026,27,".125",".192","9",".159",".382","85.2","24.1",38.1,2,28.6,"99.090767","93.5453835",54
"Varsho, Daulton",662139,2026,84,".434",".333","22",".340",".304","85.2","19.6",33.9,3,33.9,"97.042913548","92.551261613",55.1
"Robles, Victor",645302,2026,13,".308",".231","5",".239",".256","82.6","18",30,1,20,"92.310672","90.740758",50.9
"Arozarena, Randy",668227,2026,109,".419",".385","26",".366",".351","89.3","4.7",32.4,6,35.1,"99.555579459","94.065616351",45.6
"Lawlar, Jordan",691783,2026,20,".556",".400","6",".423",".361","90.4","23.4",33.3,1,41.7,"101.669213333","95.877385833",42.9
"Chisholm Jr., Jazz",665862,2026,91,".235",".264","23",".239",".215","87","19.2",20.8,2,30.2,"97.030623846","92.61466549",45
"Yorke, Nick",694377,2026,71,".328",".324","18",".303",".346","90.8","6.6",24,3,52,"102.8400268","96.0199936",45.5
"Hayes, Ke'Bryan",663647,2026,65,".136",".169","22",".154",".312","90.2","19.8",35.8,4,35.8,"98.5054484","93.3966914",40.2
"Tovar, Ezequiel",678662,2026,93,".341",".258","25",".270",".311","89.5","15.9",47.5,6,44.3,"100.398544194","94.666663934",63
"Frelick, Sal",686217,2026,87,".267",".302","22",".272",".280","85.1","10.4",22.2,1,22.2,"96.030664516","92.031185806",41.5
"Meadows, Parker",678009,2026,39,".333",".308","12",".293",".251","85.3","13.3",30.8,1,19.2,"94.482146154","91.241073077",45.4
"Soto, Juan",665742,2026,38,".500",".421","9",".404",".380","88","5.8",39.3,3,32.1,"100.259549286","94.489524074",49.7
"Freeland, Alex",690976,2026,65,".293",".266","19",".256",".293","90.3","8.4",36.8,4,42.1,"100.595310526","94.805874054",39.6
"Valera, George",671655,2026,27,".308",".259","8",".256",".225","88.3","5.9",21.7,0,26.1,"96.090734167","92.412872609",59.2
"Winn, Masyn",691026,2026,82,".400",".354","19",".342",".310","86.1","16.2",35.2,2,25.9,"96.834037407","92.500358679",41.5
"Turner, Trea",607208,2026,106,".347",".292","24",".291",".288","88.9","16.4",34.6,3,34.6,"98.014353333","93.070216026",48.8
"House, Brady",691781,2026,98,".348",".286","24",".287",".299","89.1","3.2",27.9,6,42.6,"101.167065806","94.702202623",49.2
"Walker, Christian",572233,2026,106,".505",".358","26",".377",".346","89.8","12.4",32,9,46.7,"101.715128421","95.244769867",47.5
"Torres, Gleyber",650402,2026,109,".303",".376","24",".325",".334","82.8","4.4",36.1,4,22.2,"94.163208611","91.097573889",39.7
"Jiménez, Leo",677870,2026,14,".273",".429","7",".349",".358","86.1","-6.2",18.2,0,27.3,"95.576853333","92.132829091",41.7
"Clement, Ernie",676391,2026,101,".420",".327","24",".332",".287","87.3","14.1",35.5,0,26.9,"96.378563478","92.217661196",57.5
"Mullins, Cedric",656775,2026,85,".286",".205","21",".221",".213","88.1","31.5",23,2,32.8,"97.571049655","92.901220862",51.8
"Frazier, Adam",624428,2026,47,".421",".378","18",".364",".277","84.1","13.1",26.9,1,23.1,"95.309031667","91.654515833",50.5
"Millas, Drew",686452,2026,46,".220",".244","17",".221",".242","77.6","8.8",41.4,1,13.8,"89.179587143","89.817414074",43.8
"Kwan, Steven",680757,2026,112,".289",".315","25",".284",".291","82","13.8",34.5,1,9.2,"91.214795952","89.809005181",35.3
"Beck, Jordan",687597,2026,53,".265",".208","17",".214",".250","85.1","15.3",25,1,30,"97.086687","92.57035525",55.1
"Higashioka, Kyle",543309,2026,38,".364",".342","11",".326",".312","92.6","21.4",30.4,3,47.8,"100.546410909","95.449435455",41.6
"Lile, Daylen",695734,2026,111,".437",".333","24",".344",".358","87.8","15.6",41.4,5,39.5,"98.531733953","93.287846977",55.3
"Caballero, José",676609,2026,85,".325",".282","23",".277",".255","84.5","9.6",34.5,2,34.5,"97.957576071","92.9813425",48.8
"Taylor, Tyrone",621438,2026,35,".333",".235","16",".254",".265","85.8","18.1",33.3,2,18.5,"96.090114615","92.087516154",57.6
"Olson, Matt",621566,2026,112,".582",".348","25",".398",".384","92","17.9",35.2,14,45.1,"103.483311944","96.057249155",42.4
"Horwitz, Spencer",687462,2026,72,".407",".389","21",".364",".305","86","15.5",25.5,1,29.8,"96.703735417","92.500364894",37.2
"Raleigh, Cal",663728,2026,114,".386",".281","26",".299",".322","85.9","23.2",34.8,9,30.4,"98.627257143","93.397394348",51.7
"Wong, Connor",657136,2026,30,".444",".345","10",".353",".271","87.7","19.9",27.3,1,40.9,"99.780775455","94.18791381",52.4
"Ruiz, Keibert",660688,2026,48,".333",".229","16",".249",".212","87.5","15.9",25.6,2,35.9,"97.077387","92.655070256",46.1
"Durbin, Caleb",702332,2026,84,".213",".238","22",".218",".270","87.7","6.5",22.6,1,35.5,"97.839988","93.128463167",40.3
"Pereira, Everson",677592,2026,51,".591",".373","12",".416",".383","89.5","15.8",48.4,5,48.4,"101.69114625","95.259867742",57.6
"Story, Trevor",596115,2026,106,".303",".226","24",".236",".251","89.2","9.9",33.3,3,43.9,"99.502247273","94.016704091",54.7
"Naylor, Josh",647304,2026,104,".280",".269","24",".251",".300","86.9","14.5",31.2,4,36.4,"97.806377895","93.142807763",57.1
"Diaz, Yainer",673237,2026,76,".282",".224","18",".226",".246","87.4","7",17.7,2,27.4,"97.800791613","93.045287581",57.5
"García, Adolis",666969,2026,97,".329",".299","24",".290",".310","92.8","15.5",35.6,6,49.2,"101.468078333","95.499746271",44.5
"Candelario, Jeimer",600869,2026,20,".222",".200","7",".201",".219","91.8","18.2",30,0,40,"98.451112","93.916024",55.4
"Ozuna, Marcell",542303,2026,83,".289",".253","19",".251",".312","88.2","25.1",39.3,5,39.3,"99.61166","93.964074727",42.7
"Bohm, Alec",664761,2026,92,".195",".217","23",".198",".266","88.5","10.7",36.2,0,37.7,"98.760331143","93.57165029",40.7
"Marte, Ketel",606466,2026,100,".391",".290","23",".306",".377","93","9",34.2,8,49.3,"104.782914167","96.797538611",49.6
"Crow-Armstrong, Pete",691718,2026,101,".333",".300","24",".285",".269","90.3","21.6",20.9,4,44.8,"102.263788387","95.469032258",57.4
"Smith, Josh",669701,2026,80,".217",".287","23",".240",".300","87.6","14.1",36.4,4,38.2,"99.031342593","93.818125741",47.7
"Mitchell, Garrett",669003,2026,76,".414",".427","21",".384",".356","93","4.7",43.3,4,56.7,"105.272200667","97.949362069",39.2
"Caglianone, Jac",695506,2026,83,".373",".325","22",".318",".335","95.1","1.9",38,8,54,"107.6357408","98.5218776",46.3
"Laureano, Ramón",657656,2026,94,".459",".309","22",".338",".355","89.6","10.8",35,9,48.3,"100.815275333","95.130027",53.1
"Lee, Hao-Yu ",701678,2026,15,".286",".267","4",".254",".322","94.2","16.8",50,2,37.5,"102.75234","96.40107875",50.9
"Palacios, Richie",680700,2026,48,".368",".417","17",".372",".392","86.9","8.8",41.9,2,35.5,"97.3992575","92.918046452",41.3
"Stanton, Giancarlo",519317,2026,89,".446",".315","22",".338",".345","93.6","22.1",39.7,11,41.4,"104.33465069","96.568429138",45.6
"Bauers, Jake",641343,2026,83,".461",".301","22",".328",".355","93.3","11.9",28.3,6,55,"103.615938333","97.123692833",47.2
"Aranda, Jonathan",666018,2026,108,".412",".361","24",".346",".359","92.1","17.3",39.7,6,46,"100.116872188","94.594415556",43
"Basallo, Samuel",694212,2026,74,".313",".284","19",".273",".332","92.2","16.9",21.7,5,45.7,"103.099378261","96.272312444",50.8
"Johnson, Bryce",669369,2026,18,".375",".294","13",".300",".164","84.8","19.5",30,0,10,"91.374314","89.923218889",48.5
"Wiemer, Joey",686894,2026,52,".644",".442","18",".472",".327","91.7","6.6",29.6,3,44.4,"101.282386154","95.060845",44.8
"Cortes, Carlos",666126,2026,58,".519",".397","19",".406",".423","91.5","5",37.5,6,50,"101.710904583","95.207673617",46.6
"Witt Jr., Bobby",677951,2026,110,".358",".364","25",".324",".386","92.5","18.1",36.8,9,53.9,"104.487918684","97.003974",48.2
"Dingler, Dillon",693307,2026,83,".528",".346","21",".385",".458","92.2","10.5",46.6,12,56.9,"101.973285862","96.046739123",49.5
"Moore, Dylan",664238,2026,10,".000",".200","8",".142",".256","93.7","24.6",100,0,33.3,"97.516575","94.344383333",41.2
"Gurriel Jr., Lourdes",666971,2026,17,".063",".118","4",".095",".216","86.4","9.8",33.3,0,13.3,"94.35715","91.39048",49.2
"Slater, Austin",596103,2026,28,".174",".286","12",".231",".247","85.2","17.9",33.3,0,13.3,"92.9852675","90.6728",42.6
"Stephenson, Tyler",663886,2026,68,".263",".279","19",".259",".344","95.4","21.9",36.8,5,55.3,"101.621663158","96.43689973",42.9
"Paredes, Isaac",670623,2026,87,".360",".333","21",".321",".292","88.5","27",32.8,2,29.3,"96.963655172","92.689929655",45.3
"Bader, Harrison",664056,2026,55,".192",".145","15",".153",".261","87.1","9.7",27.8,3,38.9,"98.591195556","93.322891667",53.9
"Harper, Bryce",547180,2026,100,".511",".350","24",".379",".418","88.5","14",37.5,10,40.3,"101.318779444","94.719455139",52.5
"Sheets, Gavin",657757,2026,77,".425",".260","22",".301",".307","88.2","11",36.4,5,47.3,"100.103109643","94.310785273",45.7
"Loperfido, Joey",694388,2026,66,".362",".348","20",".324",".280","90","7.6",35,2,40,"98.904521","93.788601",48.5
"Walker, Jordan",691023,2026,98,".607",".357","23",".418",".403","95","15.5",44.8,13,56.9,"106.351697931","98.057747759",49.7
"Rodríguez, Julio",677594,2026,112,".306",".339","26",".301",".309","88.3","6.4",29.6,4,38,"100.233961944","94.269246901",50.8
"Julien, Edouard",666397,2026,70,".344",".357","22",".326",".363","90.2","3.9",48.8,4,44.2,"99.688583636","94.229276279",38.6
"Hernández, Teoscar",606192,2026,85,".462",".306","21",".337",".326","89.5","11.5",35.2,7,37,"99.26000963","93.772673019",46
"Ohtani, Shohei",660271,2026,111,".472",".382","23",".365",".398","94","12.7",38.5,15,50.8,"103.424945758","96.681404154",45.3
"Whitcomb, Shay",694376,2026,10,".444",".200","6",".281",".249","90.6","46.9",33.3,1,33.3,"94.7947","94.011716667",53.7
"Hinds, Rece",677956,2026,27,".208",".185","7",".183",".195","87.8","27.6",28.6,0,21.4,"96.471535","92.2357675",52.8
"Machado, Manny",592518,2026,96,".286",".323","23",".286",".315","87.3","8.3",30.5,3,35.6,"98.736491667","93.528521525",42.2
"McMahon, Ryan",641857,2026,58,".188",".276","22",".237",".274","94.3","7.8",25,3,60.7,"101.725589286","96.336527407",40.7
"Báez, Javier",595879,2026,69,".400",".304","19",".313",".301","84.3","10.5",47.2,1,30.2,"95.756171111","92.120030566",59.5
"Refsnyder, Rob",608701,2026,32,".179",".156","13",".160",".263","85.2","29.6",22.7,2,31.8,"96.502466364","92.424021364",41.9
"Chapman, Matt",656305,2026,102,".389",".343","24",".331",".285","88.5","5.2",21.1,3,33.3,"100.730917838","94.558663836",44.6
"Perkins, Blake",663368,2026,41,".176",".250","13",".217",".242","85.3","20.1",20.8,1,33.3,"96.90199","92.69052913",45.1
"Fermin, Freddy",666023,2026,45,".278",".333","18",".294",".307","89.5","18",21.4,0,46.4,"98.324071429","93.618028571",44.3
"Peters, Tristan",671976,2026,54,".320",".315","21",".291",".242","86.5","21.8",33.3,1,18.2,"96.257302857","92.346106667",53.6
"Gray, Tristan",656484,2026,41,".444",".300","13",".327",".277","87.6","13.9",34.8,3,34.8,"99.591717273","93.831398182",56.5
"Kelly, Carson",608348,2026,69,".466",".420","19",".401",".403","93.3","16.7",34.8,6,54.3,"102.117327391","96.008823043",43
"Tena, José",677588,2026,44,".317",".341","18",".305",".251","88.1","15.7",37.9,0,34.5,"98.425179333","93.395416207",50.5
"Carpenter, Kerry",681481,2026,77,".469",".325","22",".349",".298","93.1","21.2",31.6,5,52.6,"101.03607","95.511619737",43.8
"Jackson, Jeremiah",669236,2026,82,".513",".317","23",".362",".332","88.3","2.5",35,6,33.3,"100.158376","94.392828644",60.8
"Lowe, Nathaniel",663993,2026,34,".333",".324","14",".304",".355","91.2","6.6",43.5,1,56.5,"102.622688333","96.279737391",46.3
"Bellinger, Cody",641355,2026,100,".434",".370","23",".360",".375","88.2","20.9",34.7,6,40.3,"98.427521944","93.410294225",42.7
"Guerrero Jr., Vladimir",665489,2026,103,".461",".427","24",".393",".386","92.4","4.5",31.6,9,46.1,"103.822255","96.207270526",48.5
"McCutchen, Andrew",457705,2026,33,".400",".273","15",".294",".263","90.9","14.7",47.1,3,41.2,"99.372973333","94.260445294",49.4
"Naylor, Bo",666310,2026,59,".204",".203","18",".194",".332","90.2","13.9",41.5,5,43.9,"100.263884762","94.519540976",43.1
"Moniak, Mickey",666160,2026,67,".651",".313","18",".410",".303","89.9","25.2",26.5,6,36.7,"99.2752496","93.93783551",55.9
"Smith, Dominic",642086,2026,58,".600",".362","18",".417",".418","90.1","14.7",42.9,5,40.8,"99.5467576","94.100573469",55.1
"Smith, Will",669257,2026,85,".360",".341","23",".321",".339","88.8","18.3",38.7,6,35.5,"98.884725484","93.584509032",39.3
"Cronenworth, Jake",630105,2026,86,".216",".267","23",".238",".312","89.2","7.6",28.6,3,35.7,"99.05675","93.528375",43.9
"Outman, James",681546,2026,24,".136",".167","20",".151",".149","84.2","34.8",16.7,0,25,"93.82871","91.019398333",51.1
"Bailey, Patrick",672275,2026,63,".207",".222","19",".205",".296","90.3","10.3",28.3,3,41.3,"98.629066522","93.792273333",47.8
"India, Jonathan",663697,2026,58,".313",".310","17",".296",".286","85.7","28.3",28.6,2,31.4,"96.473557778","92.357829714",39.2
"Rojas, Miguel",500743,2026,43,".500",".405","15",".399",".338","89.7","13.5",41.2,2,41.2,"99.103041176","94.05316697",47.6
"Saggese, Thomas",695336,2026,54,".220",".241","16",".218",".226","89.3","13.6",27.3,1,36.4,"99.604826471","94.120935455",53.4
"Bogaerts, Xander",593428,2026,96,".402",".344","23",".338",".366","89.9","9.7",35.1,5,41.6,"100.533037436","94.71303",44.3
"Marsee, Jakob",805300,2026,114,".263",".307","25",".274",".287","87.2","18.5",29.2,2,36.1,"98.200338286","93.117654286",36.9
"O'Hoppe, Logan",681351,2026,86,".264",".326","24",".285",".291","86.9","17",29.4,5,39.2,"99.742154615","94.035356667",46.4
"Schneemann, Daniel",682177,2026,66,".517",".394","20",".404",".377","89.5","12.3",48.7,4,41,"99.886795","94.334097949",47
"Cruz, Oneil",665833,2026,108,".551",".352","24",".390",".383","97.8","8.8",37.1,14,64.5,"108.825736774","100.441862258",44.9
"Gelof, Zack",680869,2026,17,".250",".188","10",".194",".171","95.1","17.2",18.2,0,45.5,"100.48066","96.272587778",39.7
"Pozo, Yohel",650968,2026,16,".188",".125","7",".137",".250","90","9.9",12.5,0,37.5,"99.11770125","93.696834375",64.3
"Susac, Daniel",691740,2026,24,".652",".500","11",".507",".387","88","15.8",35,1,30,"98.277012","93.2481925",55.3
"Grissom, Vaughn",687093,2026,28,".250",".407","8",".326",".320","85.5","12.9",10.5,0,26.3,"95.773476","92.091303158",35.5
"Allen, Nick",669397,2026,22,".300",".318","14",".288",".262","86.5","12.9",20,0,26.7,"95.54764","92.237764",44.8
"Simpson, Chandler",802415,2026,104,".365",".347","24",".321",".286","83.1","0.9",30.1,0,14,"92.9439675","90.574057126",49.2
"Vivas, Jorbit",678391,2026,60,".362",".414","19",".363",".326","81.1","12.9",27.3,1,20.5,"93.523400476","91.21088619",49.8
"Beavers, Dylan",687637,2026,70,".323",".300","19",".286",".302","87.5","15.5",31.9,2,38.3,"98.895938333","93.64209",45.1
"Pages, Andy",681624,2026,94,".576",".404","24",".430",".368","91.6","16.6",37.1,5,56.5,"102.664253548","96.055037419",48.6
"Wood, James",695578,2026,123,".592",".407","25",".423",".451","96.9","8.2",34.4,18,65.6,"108.430460968","100.3988",37.8
"Muncy, Max",691777,2026,97,".430",".320","24",".332",".318","92.5","8.6",36.4,7,56.4,"103.823934643","96.939085636",50.1
"Urías, Ramón",602104,2026,51,".395",".294","19",".310",".308","90.4","15.5",29.4,4,38.2,"99.477340588","94.110295",47
"Schmitt, Casey",669477,2026,77,".465",".325","19",".348",".333","91.8","21.4",38.9,7,51.9,"101.647591852","95.725894151",53.5
"Clarke, Denzel",672016,2026,60,".189",".228","22",".200",".194","91.9","2.6",15.6,1,46.9,"103.213863571","96.632126429",45
"Campusano, Luis",669134,2026,39,".667",".385","13",".453",".338","85.2","7.6",37,3,48.1,"100.813773571","94.785173333",52.1
"Stott, Bryson",681082,2026,69,".234",".261","18",".234",".301","89.5","9.7",28.3,3,49.1,"99.162537037","94.138676226",41.4
"Teodosio, Bryce",669326,2026,27,".160",".192","21",".167",".137","85.7","3.5",6.7,1,20,"93.451627143","90.967729231",55.4
"Turang, Brice",668930,2026,99,".538",".429","21",".423",".422","93.5","12",42.4,6,55.9,"102.53134931","96.589608246",36.1
"Fry, David",681807,2026,35,".276",".371","14",".314",".300","88.3","25.6",47.1,2,41.2,"98.297077778","93.55486",39.5
"Reyes, Felix",694025,2026,11,".545",".273","3",".355",".293","92.5","10.3",66.7,0,33.3,"99.440684","94.705153333",59.4
"Lowe, Josh",666139,2026,72,".313",".225","23",".244",".231","86.2","21",22.2,3,26.7,"95.608136818","91.805666818",52.7
"Montgomery, Colson",695657,2026,98,".518",".316","24",".359",".322","89.4","22.2",37.7,9,39.6,"101.238465556","94.815460755",47.4
"Pérez, Wenceel",672761,2026,34,".156",".118","11",".130",".307","91.8","18.7",25,3,50,"99.453751429","94.463299286",44.7
"Jones, Jahmai",663330,2026,24,".375",".208","13",".254",".383","92.2","16.9",44.4,3,44.4,"102.826255556","96.008129444",57.3
"Pagés, Pedro",686780,2026,55,".306",".259","16",".258",".271","86.6","12",28.2,2,35.9,"99.337749474","93.712058158",55.1
"Kim, Hyeseong",808975,2026,37,".467",".405","14",".388",".329","88.2","15.2",54.5,2,22.7,"96.412532727","92.546315455",44.3
"Pauley, Graham",688363,2026,57,".296",".214","20",".228",".172","83.6","18.8",27.5,2,17.5,"94.376945","91.301667692",43.6
"Abrams, CJ",682928,2026,105,".535",".410","24",".413",".399","90","14.7",32.9,9,48.6,"101.743301143","95.190198286",50.3
"Alexander, Blaze",677942,2026,61,".204",".254","19",".221",".314","92","12",33.3,1,47.2,"99.538230556","94.412049143",58.8
"Torrens, Luis",620443,2026,25,".320",".240","9",".248",".279","90.9","10.4",40,0,60,"101.392415","95.4241055",53
"Sullivan, Brett",664954,2026,34,".364",".294","14",".294",".244","88.4","24.2",32,0,32,"96.713026923","92.5498836",55.6
"Sánchez, Gary",596142,2026,65,".569",".385","17",".415",".412","90.6","13.7",25,7,41.7,"101.749060556","95.171714444",35.1
"Smith, Cam",701358,2026,103,".398",".324","26",".324",".363","89.3","10.2",31.8,10,45.5,"102.525633333","95.578211538",47
"Karros, Kyle",691720,2026,82,".303",".354","25",".313",".382","90.9","11.8",48.1,4,42.3,"100.674524231","94.722396346",38.9
"Rice, Ben",700250,2026,90,".743",".456","23",".501",".439","94.8","13.4",44.4,10,64.4,"103.265328261","97.204746444",36.6
"Thomas, Alek",677950,2026,69,".338",".221","18",".248",".287","91.3","11",33.3,3,45.1,"100.831209583","95.148374043",56.8
"Dubón, Mauricio",643289,2026,90,".452",".344","23",".356",".312","87.1","19.1",36.2,5,30.4,"97.284522571","92.710805072",48.5
"Ibáñez, Andy",628451,2026,18,".118",".167","11",".140",".212","87.4","12.5",26.7,0,26.7,"96.40464125","92.531325333",66.7
"Kreidler, Ryan",668952,2026,18,".714",".389","5",".462",".481","88.8","27.4",45.5,2,27.3,"98.522248333","94.125728182",44.2
"Sosa, Edmundo",624641,2026,36,".441",".306","13",".331",".307","89.1","8.4",29.6,1,37,"100.256857143","94.478225556",57.7
"Mayo, Coby",691723,2026,69,".295",".261","20",".259",".297","86.9","17.6",19,2,35.7,"101.570520952","94.79582",42.1
"Melendez, MJ",669004,2026,18,".625",".389","5",".439",".299","100.2","29.5",62.5,2,75,"106.16726","100.26238125",42
"Rosario, Amed",642708,2026,55,".571",".309","17",".372",".420","90.9","12",34.9,6,41.9,"102.180823636","95.37730814",56.7
"Hedges, Austin",595978,2026,33,".333",".303","9",".286",".268","86.2","1",30.4,0,43.5,"98.990929167","93.734397826",48.1
"Peña, Jeremy",665161,2026,46,".349",".304","10",".296",".361","86.1","18.3",40.5,1,29.7,"97.391939474","92.871165405",56.7
"Hoerner, Nico",663538,2026,112,".515",".393","24",".400",".340","85.9","16.7",36.8,3,26.4,"95.930679767","92.023954235",43
"Matos, Luis",682641,2026,18,".176",".222","8",".191",".137","84.6","31.3",10,0,30,"97.35605","92.80947",59.7
"Goodman, Hunter",696100,2026,97,".540",".340","24",".383",".320","93.3","25.1",39.2,7,51,"103.351012308","96.61924",54
"Scott II, Victor",687363,2026,72,".213",".254","24",".221",".245","85.6","0.7",27.1,0,18.8,"95.510202632","91.755101316",45.5
"Lopez, Otto",672640,2026,101,".511",".366","24",".386",".357","92.6","5",22.7,9,53.3,"103.234909189","96.448648514",46.6
"Grisham, Trent",663757,2026,83,".338",".313","23",".305",".369","92.1","16.6",22.6,6,56.6,"101.451598519","95.973282264",33.8
"Young, Jacob",696285,2026,81,".395",".300","23",".311",".325","89.6","8",40,3,33.8,"98.17030129","93.388139677",46.3
"Crawford, Justin",702222,2026,73,".391",".370","21",".348",".292","88.5","-3.7",28,1,34,"98.1146644","93.315861837",49.4
"France, Ty",664034,2026,29,".407",".310","12",".323",".410","87.8","2.9",30.4,3,43.5,"100.956219091","94.514628636",56.5
"Seager, Corey",608369,2026,100,".410",".310","23",".315",".340","90.2","15.7",37.3,9,44.1,"101.520283667","95.092986271",50.7
"Jansen, Danny",643376,2026,58,".352",".276","16",".283",".244","87.5","19.8",28.6,2,34.3,"98.320256111","93.337324286",45.3
"Vargas, Miguel",678246,2026,102,".434",".333","23",".345",".363","88.9","16.4",38.2,8,45.6,"100.938052353","94.885028824",42.3
"Garver, Mitch",641598,2026,29,".200",".276","9",".236",".277","90.3","9",20,1,60,"102.98383875","96.704032",45.3
"Williamson, Ben",810938,2026,70,".306",".319","21",".291",".283","86.1","4.1",37.5,0,31.3,"97.124774583","92.659459362",39.8
"Griffin, Konnor",804606,2026,69,".258",".261","18",".242",".257","85.9","8.8",25.6,4,27.9,"99.319395714","93.659697857",50.6
"Andujar, Miguel",609280,2026,55,".423",".345","16",".344",".280","89.8","8.7",28.6,0,45.2,"100.798415238","94.68875119",50.9
"Jensen, Carter",695600,2026,79,".565",".354","23",".399",".349","91","12.1",31.3,7,45.8,"104.1747525","96.396791042",41.9
"Crawford, J.P.",641487,2026,74,".300",".351","18",".313",".374","89.7","17.1",37,5,41.3,"99.839113043","94.365587778",36.5
"Gonzales, Nick",693304,2026,78,".311",".308","21",".284",".292","86.3","4.7",28.8,1,39,"98.436647333","93.345492712",58
"Correa, Carlos",621043,2026,101,".386",".366","23",".340",".357","89","8.2",37.5,6,38.9,"101.532304167","94.793246111",45.3
"Shaw, Matt",807713,2026,62,".474",".311","21",".343",".328","88.1","13.9",36.2,4,36.2,"97.703998696","92.851999348",51
"Barrosa, Jorge",678489,2026,59,".453",".281","17",".322",".230","85.6","11.1",40.5,3,21.6,"94.68848625","91.37170875",45.7
"Wallner, Matt",670242,2026,89,".329",".281","22",".282",".303","89.8","8.9",32.6,4,48.8,"102.693212273","95.89626814",50.9
"Espinal, Santiago",669289,2026,20,".278",".222","10",".223",".341","90","6.4",38.9,0,38.9,"98.07265","93.33369",50.7
"Friedl, TJ",670770,2026,101,".184",".263","23",".223",".248","86.5","17.3",20.6,1,23.5,"96.503644138","92.251822069",41.7
"McGuire, Reese",624512,2026,31,".192",".300","10",".248",".262","74.5","19.4",35,0,10,"87.906893","89.13573",46.5
"Kirk, Alejandro",672386,2026,22,".350",".227","5",".260",".299","85.5","4.7",33.3,1,44.4,"100.058673333","94.029336667",54.1
"Duran, Ezequiel",677649,2026,54,".420",".333","19",".338",".286","92.4","13.2",23.7,2,42.1,"101.491591111","95.196522778",48.3
"Abreu, Wilyer",677800,2026,96,".449",".333","23",".348",".338","90.4","14.7",28.6,8,48.6,"102.248245429","95.74888971",47.5
"Vierling, Matt",663837,2026,45,".405",".267","18",".293",".288","87.2","10",37.1,1,42.9,"99.242253333","93.830667714",46.1
"Arias, Gabriel",672356,2026,32,".433",".250","10",".301",".293","94.6","4.9",22.2,3,50,"103.781052222","97.075641765",44.5
"Rutschman, Adley",668939,2026,43,".553",".395","11",".416",".294","91","18.7",41.9,1,45.2,"99.43144875","94.294366774",40.5
"Matthews, Brice",694728,2026,42,".333",".268","17",".276",".268","86.9","13.1",50,2,35,"98.760031","93.806997895",42.4
"O'Neill, Tyler",641933,2026,34,".345",".353","10",".328",".316","86.8","27",34.8,1,34.8,"97.834270833","93.188306522",47.1
"Fortes, Nick",663743,2026,67,".403",".343","19",".338",".319","87.7","7.4",28.3,1,45.3,"101.304432308","94.880733077",51.3
"McNeil, Jeff",643446,2026,87,".387",".360","24",".341",".346","87.3","9.5",36.9,1,36.9,"97.467781875","92.78496375",54.2
"Soler, Jorge",624585,2026,95,".443",".326","22",".342",".323","88.9","19.1",34.7,6,42.9,"101.0315832","94.677513061",46.1
"Arenado, Nolan",571448,2026,84,".438",".286","22",".318",".296","83.6","23.6",34.4,5,25,"95.197324375","91.725309688",44.2
"Happ, Ian",664023,2026,102,".500",".363","22",".380",".356","90.3","9",33.9,9,44.6,"101.931564286","95.308854107",41.4
"Caratini, Victor",605170,2026,80,".313",".350","19",".309",".381","88.5","11.9",40.7,3,35.6,"97.990852667","93.342317119",40.5
"Rooker, Brent",667670,2026,49,".293",".245","12",".247",".303","89","16.3",34.6,5,42.3,"101.065362308","94.540330769",47.6
"Clemens, Kody",665019,2026,52,".356",".275","15",".288",".336","92.5","13.6",44.8,5,41.4,"102.095412857","95.7627175",42.1
"Devers, Rafael",646240,2026,102,".330",".275","24",".269",".285","90.9","14.2",35.8,6,47.8,"101.727955455","95.450460152",52.8
"Adell, Jo",666176,2026,112,".375",".313","26",".311",".315","91.2","19.2",24.1,4,48.2,"102.173430488","95.577752439",54.4
"Swanson, Dansby",621020,2026,99,".385",".333","24",".328",".348","89.9","12.8",32.1,8,50,"100.6056225","94.806410179",38.3
"Rushing, Dalton",687221,2026,31,"1.207",".452","9",".691",".485","95.3","28.6",38.1,5,61.9,"105.726505","98.792536",50
"Lee, Jung Hoo",808982,2026,93,".369",".312","24",".305",".317","89","11.8",36.1,1,37.5,"97.931456389","93.300045694",42.6
"Haggerty, Sam",664059,2026,15,".143",".200","12",".168",".182","89","20.2",66.7,0,0,"92.065263333","90.562423333",45.2
"Johnston, Troy",687859,2026,80,".466",".354","22",".366",".318","90","10.1",43.9,2,40.4,"98.935861481","93.818137222",46.3
"Edwards, Xavier",669364,2026,108,".457",".411","25",".391",".364","90.3","9.8",35.4,5,43.9,"97.984369512","93.513325309",40.7
"Herrera, Iván",671056,2026,111,".379",".387","24",".345",".389","90.3","9.3",33.3,7,47.2,"101.835454444","95.551473472",41.7